phase,epoch,loss,valid_mae,reg,reg_main,reg_var,cls,rec,rec0,sim,diff,bal,rho_min,rho_max,lam_kd
teacher,1,2.667192154460483,0.7820863723754883,0.7000365842271734,0.6375456209535952,0.6249095714754529,1.1121703717443678,0.37666916019386715,0.87292515679642,0.04959206048537184,0.006946209231736483,1.3584320214059618,,,
teacher,2,2.513810219588103,0.7633180618286133,0.6925069369651653,0.6314036790971402,0.6110325704018275,1.107585118876563,0.27649412166189263,0.823284359993758,0.019096257596242207,0.005732404154345945,1.3167530121626678,,,
teacher,3,2.3131439222229853,0.650137722492218,0.5996996683103067,0.5495683788149445,0.5013128905384628,1.0494344974005665,0.23285635146829817,0.8002527952194214,0.03183522616961488,0.005496985520477648,1.2360915541648865,,,
teacher,4,2.0694362256262036,0.6124202609062195,0.49014455300790294,0.4546320449422907,0.3551250729295943,0.9357980876057236,0.21970351840610858,0.788208951552709,0.030799981172162073,0.0053493918040422375,1.1610899280618738,,,
teacher,5,2.0088860039357788,0.611706554889679,0.465155185924636,0.43276377850108677,0.3239140585064888,0.918481464739199,0.21007923009218993,0.7776416716752229,0.025223460979759693,0.005141744355636614,1.1166685709246882,,,
teacher,6,1.9555553793907166,0.6168591380119324,0.44251502167295526,0.41326804900610886,0.2924697346709393,0.9043664810834108,0.1970809993368608,0.7728079436001954,0.023828219587880152,0.004978321673762467,1.0785651648486103,,,
teacher,7,1.929021574832775,0.5975340008735657,0.43302212324407363,0.4055774951422656,0.27444626080493134,0.8955390409187034,0.19155584717238391,0.7696432460237432,0.022378728207614686,0.004811184273825752,1.0487984904536494,,,
teacher,8,1.8853017180054277,0.5874695777893066,0.4088595575756497,0.38443203629166994,0.2442751985422715,0.8824845453103384,0.18938651156646233,0.7624899524229544,0.02155498087544132,0.004712145982517136,1.0192534879401878,,,
teacher,9,1.8572373059060838,0.5877167582511902,0.39597458268205327,0.37369771370733224,0.22276869909492908,0.872003048658371,0.18751181744866902,0.7582192608603725,0.020865099073422176,0.004607314657833841,0.990202968871152,,,
teacher,10,1.8647600611050923,0.5840173363685608,0.4106620944760464,0.38610809820669667,0.24553996131375985,0.8692193892267015,0.18477301547924677,0.7554907125455362,0.020866422448307276,0.004581282738837655,0.9636345472600725,,,
teacher,11,1.8253830759613603,0.5881160497665405,0.39112296838451316,0.36938697706770013,0.2173599055795758,0.860530952612559,0.17519770866190945,0.7531729296401695,0.020435706160410686,0.004542289569077117,0.94559723911462,,,
teacher,12,1.8048967410016943,0.5887070894241333,0.3779269159874982,0.35851752737330067,0.1940938970763926,0.854097142263695,0.17505524197110423,0.7515755008768152,0.02100172411236498,0.004489433481702926,0.9284110168615977,,,
teacher,13,1.8237601077115093,0.5916339159011841,0.3944653330577744,0.37258202334245044,0.2188330898578796,0.8601491451263428,0.17250860096127899,0.7499990882696929,0.02042682941451117,0.004512355007507183,0.9167870901249073,,,
teacher,14,1.8009918199645147,0.5883160829544067,0.3802037087303621,0.36067548559771645,0.19528222608345527,0.8510877147868827,0.17253196018713493,0.7512635025713179,0.020394351954261463,0.004509405026005374,0.9084821829089412,,,
teacher,15,1.8273291874814916,0.5883355736732483,0.3910435885190964,0.3700662542272497,0.20977335695729213,0.8676906526088715,0.1731273098676293,0.7481696484265504,0.020170226003284806,0.004487197984147955,0.9054118924670749,,,
student,1,2.6574285560184054,0.7698404788970947,0.6875080405562012,0.6262914974380422,0.6121654091057954,1.1130141041896962,0.37349523107210797,0.8756741572309423,0.05564267567738339,0.008298830215439753,1.3603330254554749,0.0,0.1,0.0
student,2,2.4920186775702016,0.7150455713272095,0.6735629091660181,0.6141947916260472,0.5936811516682307,1.1033955812454224,0.27628115123068847,0.8218156198660532,0.02401505120926433,0.006802197580260259,1.2462548194108185,0.0,0.1,0.0
student,3,2.1998363622912653,0.6374351382255554,0.5408468182992052,0.4987881901087584,0.42058625422349133,0.9850658741262224,0.2425771998586478,0.8000353872776031,0.037636364396247596,0.006278654198265738,0.9371228847238753,0.0,0.1,0.0
student,4,2.0618111115914806,0.6208537817001343,0.48567693266603684,0.45023153722286224,0.3544539734721184,0.9312280979421403,0.2258685995583181,0.7893441727867833,0.028344850297327393,0.005912341806968605,0.7236831121974521,0.0,0.1,0.0
student,5,1.990702019797431,0.6009664535522461,0.4499486018386152,0.4195273889366675,0.3042121060468532,0.9133933661160646,0.21638424473780174,0.7794158182762287,0.025379161971310776,0.005705008102166984,0.5725829170809852,0.0,0.1,0.0
student,6,1.9650260563249942,0.6052874326705933,0.44178781299679365,0.4123621605060719,0.2942565042111609,0.9097536040676965,0.20783162420546566,0.7729604674710168,0.023725006280949822,0.005512331577914732,0.4554105952933983,0.0,0.1,0.0
student,7,1.9378467069731817,0.5981037616729736,0.43479727263803836,0.4067240826509617,0.28073189807710824,0.9005127516057756,0.20153794713594295,0.7665635954450678,0.022687861212977656,0.005346462846285215,0.36997731195555794,0.0,0.1,0.0
student,8,1.8836865977004722,0.5913021564483643,0.4116414644651943,0.38637521973362676,0.2526624485574387,0.8817059375621654,0.19389592552626575,0.7596866918934716,0.021886885925023643,0.005197759976403581,0.3057620172147398,0.0,0.1,0.0
student,9,1.8644992974069383,0.6086341142654419,0.40436161026634554,0.37979880849727327,0.24562801489675487,0.8732222925733637,0.1936127468943596,0.7553850423406672,0.021131496083129336,0.00502277380372915,0.25330124022784056,0.04,0.2,0.0
student,10,1.8931203837747927,0.5968883633613586,0.42300266468966446,0.39648753846133195,0.26515127904713154,0.8882691297266219,0.1903931032176371,0.7529537379741669,0.02068556662372969,0.004897952127201414,0.21868433196235587,0.04,0.2,0.0
student,11,1.844451787295165,0.6043556928634644,0.408183044857449,0.38409589506961683,0.24087147882070253,0.8615007334285312,0.1854488311542405,0.7497783137692345,0.020211485162791278,0.004799807435591464,0.19243680078674247,0.04,0.2,0.0
student,12,1.839247010372303,0.5996841788291931,0.407176168428527,0.38280237272933676,0.2437379678228387,0.8604216299675129,0.18337592592945806,0.7480336515991776,0.020301635722043337,0.004757268552633899,0.1727023737298118,0.04,0.2,0.0
student,13,1.7986694971720378,0.6041907668113708,0.3820927253475896,0.3623053812318378,0.1978734429684226,0.84959109182711,0.18068958073854446,0.744807337169294,0.019949686541049567,0.004667740892963829,0.15837163781678235,0.04,0.2,0.0
