audio_codec,audio_start_basis,audio_start_offset_from_video_s,audio_start_s,container_start_s,existing_wav_bytes,existing_wav_pcm_sha256,extraction_parameters,fresh_extraction_duration_s,fresh_extraction_pcm_sha256,fresh_vs_source_audio_duration_diff_s,full_video_audio_decode,sample_id,source_audio_channels,source_audio_duration_s,source_audio_rate_hz,source_video_audio_duration_gap_s,status,time_axis_rule,video_codec,video_duration_s,video_frame_rate,video_height,video_path,video_size_bytes,video_start_s,video_width,wav_channels,wav_duration_s,wav_matches_fresh_pcm,wav_path,wav_sample_rate_hz,wav_sample_width_bytes,wav_zero_maps_to_source_time_s,issues
aac,源音轨 start_time,0.0,0.0,0.0,172846,12bc071dcddab2352aba89417278f62dd90fe0e7f06fdcedd25e2a795935b6c7,完整音轨；无 -ss、-t、atrim 或补齐；单声道、16 kHz、PCM16,5.399,12bc071dcddab2352aba89417278f62dd90fe0e7f06fdcedd25e2a795935b6c7,2.000000000279556e-06,通过,-3g5yACwYnA$_$13,2,5.399002,44100,0.11499499999999951,通过,wav_time + audio_start_s = source_media_time_s,h264,5.513997,30/1,720,C:\Users\Administrator\Desktop\23华为杯\E.1\输入\原始视频\-3g5yACwYnA\13.mp4,1052449,0.0,1280,1,5.399,True,C:\Users\Administrator\Desktop\23华为杯\E.1\输入\音频WAV\-3g5yACwYnA$_$13.wav,16000,2,0.0,[]
aac,源音轨 start_time,0.0,0.0,0.0,458570,5474b7d300b6670e604f3707821f315e23d861da629067113612c5356de9e745,完整音轨；无 -ss、-t、atrim 或补齐；单声道、16 kHz、PCM16,14.327875,5474b7d300b6670e604f3707821f315e23d861da629067113612c5356de9e745,0.0001299999999986312,通过,-3g5yACwYnA$_$3,2,14.328005,44100,0.0609920000000006,通过,wav_time + audio_start_s = source_media_time_s,h264,14.388997,30/1,720,C:\Users\Administrator\Desktop\23华为杯\E.1\输入\原始视频\-3g5yACwYnA\3.mp4,2322206,0.0,1280,1,14.327875,True,C:\Users\Administrator\Desktop\23华为杯\E.1\输入\音频WAV\-3g5yACwYnA$_$3.wav,16000,2,0.0,[]
aac,源音轨 start_time,0.0,0.0,0.0,295470,83d5699a09868de2f5ee208c5ba75a88cf5a2b65211e982ddca32091c1e3aec3,完整音轨；无 -ss、-t、atrim 或补齐；单声道、16 kHz、PCM16,9.231,83d5699a09868de2f5ee208c5ba75a88cf5a2b65211e982ddca32091c1e3aec3,2.000000000279556e-06,通过,-3g5yACwYnA$_$2,2,9.230998,44100,0.16301200000000016,通过,wav_time + audio_start_s = source_media_time_s,h264,9.39401,30/1,720,C:\Users\Administrator\Desktop\23华为杯\E.1\输入\原始视频\-3g5yACwYnA\2.mp4,1752558,0.0,1280,1,9.231,True,C:\Users\Administrator\Desktop\23华为杯\E.1\输入\音频WAV\-3g5yACwYnA$_$2.wav,16000,2,0.0,[]
aac,源音轨 start_time,0.0,0.0,0.0,278350,a8b1d97172323e963fe602acca77e6517fe668d35903ac6091f1a090b1f8242c,完整音轨；无 -ss、-t、atrim 或补齐；单声道、16 kHz、PCM16,8.696,a8b1d97172323e963fe602acca77e6517fe668d35903ac6091f1a090b1f8242c,9.000000000369823e-06,通过,-3g5yACwYnA$_$9,2,8.696009,44100,0.12098300000000073,通过,wav_time + audio_start_s = source_media_time_s,h264,8.816992,30/1,720,C:\Users\Administrator\Desktop\23华为杯\E.1\输入\原始视频\-3g5yACwYnA\9.mp4,1938491,0.0,1280,1,8.696,True,C:\Users\Administrator\Desktop\23华为杯\E.1\输入\音频WAV\-3g5yACwYnA$_$9.wav,16000,2,0.0,[]
aac,源音轨 start_time,0.0,0.0,0.0,249294,66f4693f7f86b0a6bd113a960324f0138fecea6a530e872fe9d812a35b8884d9,完整音轨；无 -ss、-t、atrim 或补齐；单声道、16 kHz、PCM16,7.788,66f4693f7f86b0a6bd113a960324f0138fecea6a530e872fe9d812a35b8884d9,4.999999999810711e-06,通过,-3nNcZdcdvU$_$5,1,7.788005,44100,0.07996400000000037,通过,wav_time + audio_start_s = source_media_time_s,h264,7.867969,30/1,240,C:\Users\Administrator\Desktop\23华为杯\E.1\输入\原始视频\-3nNcZdcdvU\5.mp4,336985,0.0,320,1,7.788,True,C:\Users\Administrator\Desktop\23华为杯\E.1\输入\音频WAV\-3nNcZdcdvU$_$5.wav,16000,2,0.0,[]
aac,源音轨 start_time,0.0,0.0,0.0,125384,67340201d5047c86cf4a33737c44857516da4f7d1263939f3727ed99413c8006,完整音轨；无 -ss、-t、atrim 或补齐；单声道、16 kHz、PCM16,3.9158125,67340201d5047c86cf4a33737c44857516da4f7d1263939f3727ed99413c8006,0.00019649999999993284,通过,-HwX2H8Z4hY$_$2,2,3.916009,44100,0.06602200000000025,通过,wav_time + audio_start_s = source_media_time_s,h264,3.982031,30/1,720,C:\Users\Administrator\Desktop\23华为杯\E.1\输入\原始视频\-HwX2H8Z4hY\2.mp4,958873,0.0,1280,1,3.9158125,True,C:\Users\Administrator\Desktop\23华为杯\E.1\输入\音频WAV\-HwX2H8Z4hY$_$2.wav,16000,2,0.0,[]
aac,源音轨 start_time,0.0,0.0,0.0,177486,05e81886c54820b6a89d92508e7cf951e9ffd345b0951bacf7e90c9a7abe5aba,完整音轨；无 -ss、-t、atrim 或补齐；单声道、16 kHz、PCM16,5.544,05e81886c54820b6a89d92508e7cf951e9ffd345b0951bacf7e90c9a7abe5aba,8.999999999481645e-06,通过,-HwX2H8Z4hY$_$5,2,5.543991,44100,0.10900399999999966,通过,wav_time + audio_start_s = source_media_time_s,h264,5.652995,30/1,720,C:\Users\Administrator\Desktop\23华为杯\E.1\输入\原始视频\-HwX2H8Z4hY\5.mp4,1617346,0.0,1280,1,5.544,True,C:\Users\Administrator\Desktop\23华为杯\E.1\输入\音频WAV\-HwX2H8Z4hY$_$5.wav,16000,2,0.0,[]
aac,源音轨 start_time,0.0,0.0,0.0,104270,8caf9dd4e39d5d9bab9d5216648c3f7010f7c7f16849b922786af42a566c3b0e,完整音轨；无 -ss、-t、atrim 或补齐；单声道、16 kHz、PCM16,3.256,8caf9dd4e39d5d9bab9d5216648c3f7010f7c7f16849b922786af42a566c3b0e,9.000000000369823e-06,通过,-HwX2H8Z4hY$_$6,2,3.256009,44100,0.10199899999999973,通过,wav_time + audio_start_s = source_media_time_s,h264,3.358008,30/1,720,C:\Users\Administrator\Desktop\23华为杯\E.1\输入\原始视频\-HwX2H8Z4hY\6.mp4,978678,0.0,1280,1,3.256,True,C:\Users\Administrator\Desktop\23华为杯\E.1\输入\音频WAV\-HwX2H8Z4hY$_$6.wav,16000,2,0.0,[]
aac,源音轨 start_time,0.0,0.0,0.0,244440,d94055cf19b4752e390adafc88a1ff413cd30bbe49d5153422f1cb78d82839b4,完整音轨；无 -ss、-t、atrim 或补齐；单声道、16 kHz、PCM16,7.6363125,d94055cf19b4752e390adafc88a1ff413cd30bbe49d5153422f1cb78d82839b4,0.0006944999999998203,通过,-HwX2H8Z4hY$_$9,2,7.637007,44100,0.09697700000000076,通过,wav_time + audio_start_s = source_media_time_s,h264,7.733984,30/1,720,C:\Users\Administrator\Desktop\23华为杯\E.1\输入\原始视频\-HwX2H8Z4hY\9.mp4,981914,0.0,1280,1,7.6363125,True,C:\Users\Administrator\Desktop\23华为杯\E.1\输入\音频WAV\-HwX2H8Z4hY$_$9.wav,16000,2,0.0,[]
aac,源音轨 start_time,0.0,0.0,0.0,181162,1e84d5a27c44af63a3a7c2d2bb548376606c55d140276d032d0359df8810a56e,完整音轨；无 -ss、-t、atrim 或补齐；单声道、16 kHz、PCM16,5.658875,1e84d5a27c44af63a3a7c2d2bb548376606c55d140276d032d0359df8810a56e,0.00012699999999998823,通过,-NFrJFQijFE$_$1,2,5.659002,44100,0.08699800000000035,通过,wav_time + audio_start_s = source_media_time_s,h264,5.746,25/1,720,C:\Users\Administrator\Desktop\23华为杯\E.1\输入\原始视频\-NFrJFQijFE\1.mp4,1024510,0.0,1280,1,5.658875,True,C:\Users\Administrator\Desktop\23华为杯\E.1\输入\音频WAV\-NFrJFQijFE$_$1.wav,16000,2,0.0,[]
aac,源音轨 start_time,0.0,0.0,0.0,214414,431399a2b308603e92a3a6bfbceedbe5b64efd25988efb5ad7570bff24ecb7d5,完整音轨；无 -ss、-t、atrim 或补齐；单声道、16 kHz、PCM16,6.698,431399a2b308603e92a3a6bfbceedbe5b64efd25988efb5ad7570bff24ecb7d5,4.999999999810711e-06,通过,-NFrJFQijFE$_$2,2,6.698005,44100,0.15799499999999966,通过,wav_time + audio_start_s = source_media_time_s,h264,6.856,25/1,720,C:\Users\Administrator\Desktop\23华为杯\E.1\输入\原始视频\-NFrJFQijFE\2.mp4,1452918,0.0,1280,1,6.698,True,C:\Users\Administrator\Desktop\23华为杯\E.1\输入\音频WAV\-NFrJFQijFE$_$2.wav,16000,2,0.0,[]
aac,源音轨 start_time,0.0,0.0,0.0,473838,4619fa4691041ba1ef6861d679dea60bf0f43616397a051ffcb2510c3e3a156c,完整音轨；无 -ss、-t、atrim 或补齐；单声道、16 kHz、PCM16,14.805,4619fa4691041ba1ef6861d679dea60bf0f43616397a051ffcb2510c3e3a156c,1.100000000064938e-05,通过,-THoVjtIkeU$_$12,2,14.805011,44100,0.09101800000000004,通过,wav_time + audio_start_s = source_media_time_s,h264,14.896029,30/1,360,C:\Users\Administrator\Desktop\23华为杯\E.1\输入\原始视频\-THoVjtIkeU\12.mp4,1262553,0.0,640,1,14.805,True,C:\Users\Administrator\Desktop\23华为杯\E.1\输入\音频WAV\-THoVjtIkeU$_$12.wav,16000,2,0.0,[]
aac,源音轨 start_time,0.0,0.0,0.0,135438,52cb5d7726e6b62b7cb1d9664654232b36a2d52150c728fb4b6bb9c68e752ae8,完整音轨；无 -ss、-t、atrim 或补齐；单声道、16 kHz、PCM16,4.23,52cb5d7726e6b62b7cb1d9664654232b36a2d52150c728fb4b6bb9c68e752ae8,0.0,通过,-THoVjtIkeU$_$2,2,4.23,44100,0.06199199999999916,通过,wav_time + audio_start_s = source_media_time_s,h264,4.291992,30/1,360,C:\Users\Administrator\Desktop\23华为杯\E.1\输入\原始视频\-THoVjtIkeU\2.mp4,347917,0.0,640,1,4.23,True,C:\Users\Administrator\Desktop\23华为杯\E.1\输入\音频WAV\-THoVjtIkeU$_$2.wav,16000,2,0.0,[]
aac,源音轨 start_time,0.0,0.0,0.0,255530,95c8e7f3ecefcf94adbcd31cee1f05a1e042d49c0e188149d54ab0051c6e4a4e,完整音轨；无 -ss、-t、atrim 或补齐；单声道、16 kHz、PCM16,7.982875,95c8e7f3ecefcf94adbcd31cee1f05a1e042d49c0e188149d54ab0051c6e4a4e,0.00011799999999961841,通过,-THoVjtIkeU$_$6,2,7.982993,44100,0.11401199999999978,通过,wav_time + audio_start_s = source_media_time_s,h264,8.097005,30/1,360,C:\Users\Administrator\Desktop\23华为杯\E.1\输入\原始视频\-THoVjtIkeU\6.mp4,801802,0.0,640,1,7.982875,True,C:\Users\Administrator\Desktop\23华为杯\E.1\输入\音频WAV\-THoVjtIkeU$_$6.wav,16000,2,0.0,[]
aac,源音轨 start_time,0.0,0.0,0.0,328622,d77b6632bb60feae91e73133b06cd10813f7ec25943e7a618dd148689583cbd3,完整音轨；无 -ss、-t、atrim 或补齐；单声道、16 kHz、PCM16,10.267,d77b6632bb60feae91e73133b06cd10813f7ec25943e7a618dd148689583cbd3,7.000000000090267e-06,通过,-UuX1xuaiiE$_$1,2,10.267007,44100,0.0829930000000001,通过,wav_time + audio_start_s = source_media_time_s,h264,10.35,30/1,720,C:\Users\Administrator\Desktop\23华为杯\E.1\输入\原始视频\-UuX1xuaiiE\1.mp4,2032933,0.0,1280,1,10.267,True,C:\Users\Administrator\Desktop\23华为杯\E.1\输入\音频WAV\-UuX1xuaiiE$_$1.wav,16000,2,0.0,[]
aac,源音轨 start_time,0.0,0.0,0.0,114506,20d94d0b00b34b1365618e50834c94aad98f1e58c62c20eaa7dbcc94fd6502dc,完整音轨；无 -ss、-t、atrim 或补齐；单声道、16 kHz、PCM16,3.575875,20d94d0b00b34b1365618e50834c94aad98f1e58c62c20eaa7dbcc94fd6502dc,0.0001340000000000785,通过,-UuX1xuaiiE$_$0,2,3.576009,44100,0.05732399999999993,通过,wav_time + audio_start_s = source_media_time_s,h264,3.633333,30/1,720,C:\Users\Administrator\Desktop\23华为杯\E.1\输入\原始视频\-UuX1xuaiiE\0.mp4,654518,0.0,1280,1,3.575875,True,C:\Users\Administrator\Desktop\23华为杯\E.1\输入\音频WAV\-UuX1xuaiiE$_$0.wav,16000,2,0.0,[]
aac,源音轨 start_time,0.0,0.0,0.0,129294,dee18fb345218ac1884aa876312905bd47f07c059c5e03ad3c7d1d267af01e50,完整音轨；无 -ss、-t、atrim 或补齐；单声道、16 kHz、PCM16,4.038,dee18fb345218ac1884aa876312905bd47f07c059c5e03ad3c7d1d267af01e50,4.999999999810711e-06,通过,-UuX1xuaiiE$_$3,2,4.038005,44100,0.09200799999999987,通过,wav_time + audio_start_s = source_media_time_s,h264,4.130013,30/1,720,C:\Users\Administrator\Desktop\23华为杯\E.1\输入\原始视频\-UuX1xuaiiE\3.mp4,1424269,0.0,1280,1,4.038,True,C:\Users\Administrator\Desktop\23华为杯\E.1\输入\音频WAV\-UuX1xuaiiE$_$3.wav,16000,2,0.0,[]
aac,源音轨 start_time,0.0,0.0,0.0,254280,03355558b6e4f446cd5f9ff5fa5ed1012a237e8aae8f0232e8b92db78836bcf0,完整音轨；无 -ss、-t、atrim 或补齐；单声道、16 kHz、PCM16,7.9438125,03355558b6e4f446cd5f9ff5fa5ed1012a237e8aae8f0232e8b92db78836bcf0,0.00017849999999963728,通过,-UuX1xuaiiE$_$6,2,7.943991,44100,0.17000599999999988,通过,wav_time + audio_start_s = source_media_time_s,h264,8.113997,30/1,720,C:\Users\Administrator\Desktop\23华为杯\E.1\输入\原始视频\-UuX1xuaiiE\6.mp4,1662602,0.0,1280,1,7.9438125,True,C:\Users\Administrator\Desktop\23华为杯\E.1\输入\音频WAV\-UuX1xuaiiE$_$6.wav,16000,2,0.0,[]
aac,源音轨 start_time,0.0,0.0,0.0,706744,910c63cc060b453062dec043bb9c57197533981497b5af68ce89362ccf3fc37b,完整音轨；无 -ss、-t、atrim 或补齐；单声道、16 kHz、PCM16,22.0833125,910c63cc060b453062dec043bb9c57197533981497b5af68ce89362ccf3fc37b,0.0006784999999993602,通过,-a55Q6RWvTA$_$3,2,22.083991,44100,0.06997999999999749,通过,wav_time + audio_start_s = source_media_time_s,h264,22.153971,30/1,270,C:\Users\Administrator\Desktop\23华为杯\E.1\输入\原始视频\-a55Q6RWvTA\3.mp4,749365,0.0,480,1,22.0833125,True,C:\Users\Administrator\Desktop\23华为杯\E.1\输入\音频WAV\-a55Q6RWvTA$_$3.wav,16000,2,0.0,[]
aac,源音轨 start_time,0.0,0.0,0.0,273284,e237423ad03bc9f3b72e2d3c980024f6a92548107cd5b29794d71d827cb9f67c,完整音轨；无 -ss、-t、atrim 或补齐；单声道、16 kHz、PCM16,8.5376875,e237423ad03bc9f3b72e2d3c980024f6a92548107cd5b29794d71d827cb9f67c,0.0003174999999995265,通过,-aNfi7CP8vM$_$7,2,8.538005,44100,0.1569819999999993,通过,wav_time + audio_start_s = source_media_time_s,h264,8.694987,30/1,360,C:\Users\Administrator\Desktop\23华为杯\E.1\输入\原始视频\-aNfi7CP8vM\7.mp4,430559,0.0,480,1,8.5376875,True,C:\Users\Administrator\Desktop\23华为杯\E.1\输入\音频WAV\-aNfi7CP8vM$_$7.wav,16000,2,0.0,[]
aac,源音轨 start_time,0.0,0.0,0.0,348558,3629b23db96d846560f3e534b9a4543a459c14603d1d2983ed23d917f085ce58,完整音轨；无 -ss、-t、atrim 或补齐；单声道、16 kHz、PCM16,10.89,3629b23db96d846560f3e534b9a4543a459c14603d1d2983ed23d917f085ce58,0.0,通过,-aqamKhZ1Ec$_$0,2,10.89,44100,0.07666699999999871,通过,wav_time + audio_start_s = source_media_time_s,h264,10.966667,30/1,720,C:\Users\Administrator\Desktop\23华为杯\E.1\输入\原始视频\-aqamKhZ1Ec\0.mp4,2882018,0.0,1280,1,10.89,True,C:\Users\Administrator\Desktop\23华为杯\E.1\输入\音频WAV\-aqamKhZ1Ec$_$0.wav,16000,2,0.0,[]
aac,源音轨 start_time,0.0,0.0,0.0,512658,35b3d49bef4df92314ad7b5881a1e295b692bccf5e03b362e85eaa62e03a0ca8,完整音轨；无 -ss、-t、atrim 或补齐；单声道、16 kHz、PCM16,16.018125,35b3d49bef4df92314ad7b5881a1e295b692bccf5e03b362e85eaa62e03a0ca8,0.0008769999999991285,通过,-dxfTGcXJoc$_$1,2,16.019002,44100,0.1420010000000005,通过,wav_time + audio_start_s = source_media_time_s,h264,16.161003,30/1,240,C:\Users\Administrator\Desktop\23华为杯\E.1\输入\原始视频\-dxfTGcXJoc\1.mp4,658423,0.0,320,1,16.018125,True,C:\Users\Administrator\Desktop\23华为杯\E.1\输入\音频WAV\-dxfTGcXJoc$_$1.wav,16000,2,0.0,[]
aac,源音轨 start_time,0.0,0.0,0.0,653198,9ee85a181fc65e3670a7bca1998bab9a61a0d243b424e2f91fef679d49f02f5f,完整音轨；无 -ss、-t、atrim 或补齐；单声道、16 kHz、PCM16,20.41,9ee85a181fc65e3670a7bca1998bab9a61a0d243b424e2f91fef679d49f02f5f,0.0,通过,-dxfTGcXJoc$_$0,2,20.41,44100,0.08999999999999986,通过,wav_time + audio_start_s = source_media_time_s,h264,20.5,30/1,240,C:\Users\Administrator\Desktop\23华为杯\E.1\输入\原始视频\-dxfTGcXJoc\0.mp4,771408,0.0,320,1,20.41,True,C:\Users\Administrator\Desktop\23华为杯\E.1\输入\音频WAV\-dxfTGcXJoc$_$0.wav,16000,2,0.0,[]
aac,源音轨 start_time,0.0,0.0,0.0,532334,725bd319256738e38ca70646075ac5e37601e892b75de0700798b0a43c54cd8b,完整音轨；无 -ss、-t、atrim 或补齐；单声道、16 kHz、PCM16,16.633,725bd319256738e38ca70646075ac5e37601e892b75de0700798b0a43c54cd8b,7.000000000090267e-06,通过,-dxfTGcXJoc$_$2,2,16.632993,44100,0.06498900000000063,通过,wav_time + audio_start_s = source_media_time_s,h264,16.697982,30/1,240,C:\Users\Administrator\Desktop\23华为杯\E.1\输入\原始视频\-dxfTGcXJoc\2.mp4,675725,0.0,320,1,16.633,True,C:\Users\Administrator\Desktop\23华为杯\E.1\输入\音频WAV\-dxfTGcXJoc$_$2.wav,16000,2,0.0,[]
aac,源音轨 start_time,0.0,0.0,0.0,404174,46377348ce3dd0ec0c3776acada81aa65530420c3649c126d2cfce4e8a25ff07,完整音轨；无 -ss、-t、atrim 或补齐；单声道、16 kHz、PCM16,12.628,46377348ce3dd0ec0c3776acada81aa65530420c3649c126d2cfce4e8a25ff07,4.999999999810711e-06,通过,-dxfTGcXJoc$_$6,2,12.628005,44100,0.10702099999999959,通过,wav_time + audio_start_s = source_media_time_s,h264,12.735026,30/1,240,C:\Users\Administrator\Desktop\23华为杯\E.1\输入\原始视频\-dxfTGcXJoc\6.mp4,428971,0.0,320,1,12.628,True,C:\Users\Administrator\Desktop\23华为杯\E.1\输入\音频WAV\-dxfTGcXJoc$_$6.wav,16000,2,0.0,[]
aac,源音轨 start_time,0.0,0.0,0.0,189518,d6ca71a1fea5c3b7eca19595db8b892749158977f70eca2e41109d57be2e8433,完整音轨；无 -ss、-t、atrim 或补齐；单声道、16 kHz、PCM16,5.92,d6ca71a1fea5c3b7eca19595db8b892749158977f70eca2e41109d57be2e8433,0.0,通过,-egA8-b7-3M$_$26,2,5.92,44100,0.11099000000000014,通过,wav_time + audio_start_s = source_media_time_s,h264,6.03099,30/1,360,C:\Users\Administrator\Desktop\23华为杯\E.1\输入\原始视频\-egA8-b7-3M\26.mp4,688886,0.0,640,1,5.92,True,C:\Users\Administrator\Desktop\23华为杯\E.1\输入\音频WAV\-egA8-b7-3M$_$26.wav,16000,2,0.0,[]
aac,源音轨 start_time,0.0,0.0,0.0,227118,709f0a995c86885e87ab755d3efb35b5393cb260f990133ae42ecb7f92d4fc15,完整音轨；无 -ss、-t、atrim 或补齐；单声道、16 kHz、PCM16,7.095,709f0a995c86885e87ab755d3efb35b5393cb260f990133ae42ecb7f92d4fc15,1.100000000064938e-05,通过,-egA8-b7-3M$_$17,2,7.095011,44100,0.176018,通过,wav_time + audio_start_s = source_media_time_s,h264,7.271029,30/1,360,C:\Users\Administrator\Desktop\23华为杯\E.1\输入\原始视频\-egA8-b7-3M\17.mp4,774900,0.0,640,1,7.095,True,C:\Users\Administrator\Desktop\23华为杯\E.1\输入\音频WAV\-egA8-b7-3M$_$17.wav,16000,2,0.0,[]
aac,源音轨 start_time,0.0,0.0,0.0,264580,dc3e15dcb6bf5a3b35c159e1719e40c07cbf5080f4782280de6a18c04e3197e6,完整音轨；无 -ss、-t、atrim 或补齐；单声道、16 kHz、PCM16,8.2656875,dc3e15dcb6bf5a3b35c159e1719e40c07cbf5080f4782280de6a18c04e3197e6,0.0003215000000000856,通过,-egA8-b7-3M$_$18,2,8.266009,44100,0.11999400000000016,通过,wav_time + audio_start_s = source_media_time_s,h264,8.386003,30/1,360,C:\Users\Administrator\Desktop\23华为杯\E.1\输入\原始视频\-egA8-b7-3M\18.mp4,737865,0.0,640,1,8.2656875,True,C:\Users\Administrator\Desktop\23华为杯\E.1\输入\音频WAV\-egA8-b7-3M$_$18.wav,16000,2,0.0,[]
aac,源音轨 start_time,0.0,0.0,0.0,175534,81fab02fedcd90517364174dc5a86ba975cc9c9816f2797b0908266ad82f862c,完整音轨；无 -ss、-t、atrim 或补齐；单声道、16 kHz、PCM16,5.483,81fab02fedcd90517364174dc5a86ba975cc9c9816f2797b0908266ad82f862c,7.000000000090267e-06,通过,-egA8-b7-3M$_$16,2,5.482993,44100,0.05502800000000008,通过,wav_time + audio_start_s = source_media_time_s,h264,5.538021,30/1,360,C:\Users\Administrator\Desktop\23华为杯\E.1\输入\原始视频\-egA8-b7-3M\16.mp4,391465,0.0,640,1,5.483,True,C:\Users\Administrator\Desktop\23华为杯\E.1\输入\音频WAV\-egA8-b7-3M$_$16.wav,16000,2,0.0,[]
aac,源音轨 start_time,0.0,0.0,0.0,128842,c367fd1292c106556f43bfb350dca0a85f6a8a2f2a631f047945d7c0385e7039,完整音轨；无 -ss、-t、atrim 或补齐；单声道、16 kHz、PCM16,4.023875,c367fd1292c106556f43bfb350dca0a85f6a8a2f2a631f047945d7c0385e7039,0.00011599999999933885,通过,-egA8-b7-3M$_$13,2,4.023991,44100,0.15999300000000005,通过,wav_time + audio_start_s = source_media_time_s,h264,4.183984,30/1,360,C:\Users\Administrator\Desktop\23华为杯\E.1\输入\原始视频\-egA8-b7-3M\13.mp4,394399,0.0,640,1,4.023875,True,C:\Users\Administrator\Desktop\23华为杯\E.1\输入\音频WAV\-egA8-b7-3M$_$13.wav,16000,2,0.0,[]
aac,源音轨 start_time,0.0,0.0,0.0,325070,6b2215050365877e17397e53a0931f0cfca40f0da0cf1a5aa6cec9ce80f0731d,完整音轨；无 -ss、-t、atrim 或补齐；单声道、16 kHz、PCM16,10.156,6b2215050365877e17397e53a0931f0cfca40f0da0cf1a5aa6cec9ce80f0731d,8.999999998593466e-06,通过,-egA8-b7-3M$_$1,2,10.156009,44100,0.1100070000000013,通过,wav_time + audio_start_s = source_media_time_s,h264,10.266016,30/1,360,C:\Users\Administrator\Desktop\23华为杯\E.1\输入\原始视频\-egA8-b7-3M\1.mp4,658247,0.0,640,1,10.156,True,C:\Users\Administrator\Desktop\23华为杯\E.1\输入\音频WAV\-egA8-b7-3M$_$1.wav,16000,2,0.0,[]
aac,源音轨 start_time,0.0,0.0,0.0,197934,4a0e9f37d82e432e58b54a798b38f4a6668a3a3790726ba1a3e48c1019d1d187,完整音轨；无 -ss、-t、atrim 或补齐；单声道、16 kHz、PCM16,6.183,4a0e9f37d82e432e58b54a798b38f4a6668a3a3790726ba1a3e48c1019d1d187,7.000000000090267e-06,通过,-egA8-b7-3M$_$6,2,6.182993,44100,0.08198099999999986,通过,wav_time + audio_start_s = source_media_time_s,h264,6.264974,30/1,360,C:\Users\Administrator\Desktop\23华为杯\E.1\输入\原始视频\-egA8-b7-3M\6.mp4,446118,0.0,640,1,6.183,True,C:\Users\Administrator\Desktop\23华为杯\E.1\输入\音频WAV\-egA8-b7-3M$_$6.wav,16000,2,0.0,[]
aac,源音轨 start_time,0.0,0.0,0.0,158030,4e70d356c8bdd7246cc5440c790eb217c3c8ecb7b455d9fb262588d2f01e1ca9,完整音轨；无 -ss、-t、atrim 或补齐；单声道、16 kHz、PCM16,4.936,4e70d356c8bdd7246cc5440c790eb217c3c8ecb7b455d9fb262588d2f01e1ca9,9.000000000369823e-06,通过,-egA8-b7-3M$_$9,2,4.936009,44100,0.15396499999999946,通过,wav_time + audio_start_s = source_media_time_s,h264,5.089974,30/1,360,C:\Users\Administrator\Desktop\23华为杯\E.1\输入\原始视频\-egA8-b7-3M\9.mp4,581652,0.0,640,1,4.936,True,C:\Users\Administrator\Desktop\23华为杯\E.1\输入\音频WAV\-egA8-b7-3M$_$9.wav,16000,2,0.0,[]
aac,源音轨 start_time,0.0,0.0,0.0,207260,b5e3ee1c92572e697550dd67245dab5cc60ab4b891e240b279b5a5e4a702e17e,完整音轨；无 -ss、-t、atrim 或补齐；单声道、16 kHz、PCM16,6.4744375,b5e3ee1c92572e697550dd67245dab5cc60ab4b891e240b279b5a5e4a702e17e,0.0005735000000006707,通过,-egA8-b7-3M$_$20,2,6.475011,44100,0.16997600000000013,通过,wav_time + audio_start_s = source_media_time_s,h264,6.644987,30/1,360,C:\Users\Administrator\Desktop\23华为杯\E.1\输入\原始视频\-egA8-b7-3M\20.mp4,823539,0.0,640,1,6.4744375,True,C:\Users\Administrator\Desktop\23华为杯\E.1\输入\音频WAV\-egA8-b7-3M$_$20.wav,16000,2,0.0,[]
aac,源音轨 start_time,0.0,0.0,0.0,177294,067c7341cdca5af4b5727403faaca2c91dd1a5e414a36d7a1387834a1d6df341,完整音轨；无 -ss、-t、atrim 或补齐；单声道、16 kHz、PCM16,5.538,067c7341cdca5af4b5727403faaca2c91dd1a5e414a36d7a1387834a1d6df341,4.999999999810711e-06,通过,-iRBcNs9oI8$_$3,2,5.538005,44100,0.08299500000000037,通过,wav_time + audio_start_s = source_media_time_s,h264,5.621,30000/1001,720,C:\Users\Administrator\Desktop\23华为杯\E.1\输入\原始视频\-iRBcNs9oI8\3.mp4,988521,0.0,1280,1,5.538,True,C:\Users\Administrator\Desktop\23华为杯\E.1\输入\音频WAV\-iRBcNs9oI8$_$3.wav,16000,2,0.0,[]
aac,源音轨 start_time,0.0,0.0,0.0,128262,3f5254a4905e7930e7f4dbf815874c41f22b9df4e1ebc647334843795176c4e1,完整音轨；无 -ss、-t、atrim 或补齐；单声道、16 kHz、PCM16,4.00575,3f5254a4905e7930e7f4dbf815874c41f22b9df4e1ebc647334843795176c4e1,0.0002589999999997872,通过,-iRBcNs9oI8$_$7,2,4.006009,44100,0.09799100000000038,通过,wav_time + audio_start_s = source_media_time_s,h264,4.104,30000/1001,720,C:\Users\Administrator\Desktop\23华为杯\E.1\输入\原始视频\-iRBcNs9oI8\7.mp4,980176,0.0,1280,1,4.00575,True,C:\Users\Administrator\Desktop\23华为杯\E.1\输入\音频WAV\-iRBcNs9oI8$_$7.wav,16000,2,0.0,[]
aac,源音轨 start_time,0.0,0.0,0.0,90332,3af8d0d441d351b428bec934b9e63908a172b90f987710f92eca7e5064cfa594,完整音轨；无 -ss、-t、atrim 或补齐；单声道、16 kHz、PCM16,2.8204375,3af8d0d441d351b428bec934b9e63908a172b90f987710f92eca7e5064cfa594,0.0005604999999997418,通过,-iRBcNs9oI8$_$6,2,2.820998,44100,0.08200200000000013,通过,wav_time + audio_start_s = source_media_time_s,h264,2.903,30000/1001,720,C:\Users\Administrator\Desktop\23华为杯\E.1\输入\原始视频\-iRBcNs9oI8\6.mp4,1286164,0.0,1280,1,2.8204375,True,C:\Users\Administrator\Desktop\23华为杯\E.1\输入\音频WAV\-iRBcNs9oI8$_$6.wav,16000,2,0.0,[]
aac,源音轨 start_time,0.0,0.0,0.0,108046,9f5213406afdd7aba1cdbe5eb17d70ed35f7741ae9c6879fd5d0b60e97239579,完整音轨；无 -ss、-t、atrim 或补齐；单声道、16 kHz、PCM16,3.374,9f5213406afdd7aba1cdbe5eb17d70ed35f7741ae9c6879fd5d0b60e97239579,8.999999999925734e-06,通过,-iRBcNs9oI8$_$9,2,3.373991,44100,0.04200899999999974,通过,wav_time + audio_start_s = source_media_time_s,h264,3.416,30000/1001,720,C:\Users\Administrator\Desktop\23华为杯\E.1\输入\原始视频\-iRBcNs9oI8\9.mp4,1084122,0.0,1280,1,3.374,True,C:\Users\Administrator\Desktop\23华为杯\E.1\输入\音频WAV\-iRBcNs9oI8$_$9.wav,16000,2,0.0,[]
aac,源音轨 start_time,0.0,0.0,0.0,256910,c4fe46134392ffd780c21c0592c9c5f780391e89b65fba209986f1f7aa757177,完整音轨；无 -ss、-t、atrim 或补齐；单声道、16 kHz、PCM16,8.026,c4fe46134392ffd780c21c0592c9c5f780391e89b65fba209986f1f7aa757177,9.000000000369823e-06,通过,-iRBcNs9oI8$_$8,2,8.026009,44100,0.0669909999999998,通过,wav_time + audio_start_s = source_media_time_s,h264,8.093,30000/1001,720,C:\Users\Administrator\Desktop\23华为杯\E.1\输入\原始视频\-iRBcNs9oI8\8.mp4,1166371,0.0,1280,1,8.026,True,C:\Users\Administrator\Desktop\23华为杯\E.1\输入\音频WAV\-iRBcNs9oI8$_$8.wav,16000,2,0.0,[]
aac,源音轨 start_time,0.0,0.0,0.0,242308,c41fc54bbd248b984242d97d9270218ef6b5903343a38fb673e7165aedf31518,完整音轨；无 -ss、-t、atrim 或补齐；单声道、16 kHz、PCM16,7.5696875,c41fc54bbd248b984242d97d9270218ef6b5903343a38fb673e7165aedf31518,0.00031250000000060396,通过,-lzEya4AM_4$_$5,2,7.57,44100,0.10499999999999954,通过,wav_time + audio_start_s = source_media_time_s,h264,7.675,30/1,360,C:\Users\Administrator\Desktop\23华为杯\E.1\输入\原始视频\-lzEya4AM_4\5.mp4,333185,0.0,470,1,7.5696875,True,C:\Users\Administrator\Desktop\23华为杯\E.1\输入\音频WAV\-lzEya4AM_4$_$5.wav,16000,2,0.0,[]
aac,源音轨 start_time,0.0,0.0,0.0,471770,33488837969c3ad1b0d33f105999290f63ae5d131e611a03956183b5020aed92,完整音轨；无 -ss、-t、atrim 或补齐；单声道、16 kHz、PCM16,14.740375,33488837969c3ad1b0d33f105999290f63ae5d131e611a03956183b5020aed92,0.000622999999999152,通过,-lzEya4AM_4$_$6,2,14.740998,44100,0.050994000000001094,通过,wav_time + audio_start_s = source_media_time_s,h264,14.791992,30/1,360,C:\Users\Administrator\Desktop\23华为杯\E.1\输入\原始视频\-lzEya4AM_4\6.mp4,1088736,0.0,470,1,14.740375,True,C:\Users\Administrator\Desktop\23华为杯\E.1\输入\音频WAV\-lzEya4AM_4$_$6.wav,16000,2,0.0,[]
aac,源音轨 start_time,0.0,0.0,0.0,193806,768bcba83c6afa08c5fc816a2492ff6fed094eac85b7990735696bbabf4b13bf,完整音轨；无 -ss、-t、atrim 或补齐；单声道、16 kHz、PCM16,6.054,768bcba83c6afa08c5fc816a2492ff6fed094eac85b7990735696bbabf4b13bf,9.000000000369823e-06,通过,-mJ2ud6oKI8$_$1,2,6.053991,44100,0.04900899999999986,通过,wav_time + audio_start_s = source_media_time_s,h264,6.103,30000/1001,720,C:\Users\Administrator\Desktop\23华为杯\E.1\输入\原始视频\-mJ2ud6oKI8\1.mp4,1040138,0.0,1280,1,6.054,True,C:\Users\Administrator\Desktop\23华为杯\E.1\输入\音频WAV\-mJ2ud6oKI8$_$1.wav,16000,2,0.0,[]
aac,源音轨 start_time,0.0,0.0,0.0,182532,12077fdd5fc8c907c40b0ce5bec009f4f9f12fdfbef8ad31e678c8ec563d13e9,完整音轨；无 -ss、-t、atrim 或补齐；单声道、16 kHz、PCM16,5.7016875,12077fdd5fc8c907c40b0ce5bec009f4f9f12fdfbef8ad31e678c8ec563d13e9,0.00030749999999990507,通过,-mJ2ud6oKI8$_$2,2,5.701995,44100,0.029004999999999725,通过,wav_time + audio_start_s = source_media_time_s,h264,5.731,30000/1001,720,C:\Users\Administrator\Desktop\23华为杯\E.1\输入\原始视频\-mJ2ud6oKI8\2.mp4,1471617,0.0,1280,1,5.7016875,True,C:\Users\Administrator\Desktop\23华为杯\E.1\输入\音频WAV\-mJ2ud6oKI8$_$2.wav,16000,2,0.0,[]
aac,源音轨 start_time,0.0,0.0,0.0,71378,04c7a140a5c10df358e3d33230f35d9331c0ecb1e1e53f351dc483d58ab27903,完整音轨；无 -ss、-t、atrim 或补齐；单声道、16 kHz、PCM16,2.228125,04c7a140a5c10df358e3d33230f35d9331c0ecb1e1e53f351dc483d58ab27903,0.0008770000000000167,通过,-mJ2ud6oKI8$_$6,2,2.229002,44100,0.02799800000000019,通过,wav_time + audio_start_s = source_media_time_s,h264,2.257,30000/1001,720,C:\Users\Administrator\Desktop\23华为杯\E.1\输入\原始视频\-mJ2ud6oKI8\6.mp4,562692,0.0,1280,1,2.228125,True,C:\Users\Administrator\Desktop\23华为杯\E.1\输入\音频WAV\-mJ2ud6oKI8$_$6.wav,16000,2,0.0,[]
aac,源音轨 start_time,0.0,0.0,0.0,221158,a7156ac16646f8e5a0b368502738a3a8963f4f700dc63585e84beb31e6bef07e,完整音轨；无 -ss、-t、atrim 或补齐；单声道、16 kHz、PCM16,6.90875,a7156ac16646f8e5a0b368502738a3a8963f4f700dc63585e84beb31e6bef07e,0.0002519999999996969,通过,-mJ2ud6oKI8$_$9,2,6.909002,44100,0.12399800000000027,通过,wav_time + audio_start_s = source_media_time_s,h264,7.033,30000/1001,720,C:\Users\Administrator\Desktop\23华为杯\E.1\输入\原始视频\-mJ2ud6oKI8\9.mp4,1788453,0.0,1280,1,6.90875,True,C:\Users\Administrator\Desktop\23华为杯\E.1\输入\音频WAV\-mJ2ud6oKI8$_$9.wav,16000,2,0.0,[]
aac,源音轨 start_time,0.0,0.0,0.0,133562,6145a022438f69f6cd545998a78013b722e1879e73efee60d2d1468be1911dee,完整音轨；无 -ss、-t、atrim 或补齐；单声道、16 kHz、PCM16,4.171375,6145a022438f69f6cd545998a78013b722e1879e73efee60d2d1468be1911dee,0.0006199999999996209,通过,-mJ2ud6oKI8$_$8,2,4.171995,44100,0.020005000000000273,通过,wav_time + audio_start_s = source_media_time_s,h264,4.192,30000/1001,720,C:\Users\Administrator\Desktop\23华为杯\E.1\输入\原始视频\-mJ2ud6oKI8\8.mp4,1578317,0.0,1280,1,4.171375,True,C:\Users\Administrator\Desktop\23华为杯\E.1\输入\音频WAV\-mJ2ud6oKI8$_$8.wav,16000,2,0.0,[]
aac,源音轨 start_time,0.0,0.0,0.0,204398,5659ffd2638111cbe61e3cbe0f11145e87dbe41405e1542e24646c12cf6f90ce,完整音轨；无 -ss、-t、atrim 或补齐；单声道、16 kHz、PCM16,6.385,5659ffd2638111cbe61e3cbe0f11145e87dbe41405e1542e24646c12cf6f90ce,1.100000000064938e-05,通过,-mqbVkbCndg$_$0,2,6.385011,44100,0.08165599999999973,通过,wav_time + audio_start_s = source_media_time_s,h264,6.466667,30/1,720,C:\Users\Administrator\Desktop\23华为杯\E.1\输入\原始视频\-mqbVkbCndg\0.mp4,517424,0.0,1280,1,6.385,True,C:\Users\Administrator\Desktop\23华为杯\E.1\输入\音频WAV\-mqbVkbCndg$_$0.wav,16000,2,0.0,[]
aac,源音轨 start_time,0.0,0.0,0.0,180238,6f5dcf97a4a7cf017e398165958b4fdb75be013e449eff89b82c4b55d8b9277b,完整音轨；无 -ss、-t、atrim 或补齐；单声道、16 kHz、PCM16,5.63,6f5dcf97a4a7cf017e398165958b4fdb75be013e449eff89b82c4b55d8b9277b,0.0,通过,-t217m2on-s$_$2,2,5.63,44100,0.05600300000000047,通过,wav_time + audio_start_s = source_media_time_s,h264,5.686003,30/1,270,C:\Users\Administrator\Desktop\23华为杯\E.1\输入\原始视频\-t217m2on-s\2.mp4,282834,0.0,480,1,5.63,True,C:\Users\Administrator\Desktop\23华为杯\E.1\输入\音频WAV\-t217m2on-s$_$2.wav,16000,2,0.0,[]
aac,源音轨 start_time,0.0,0.0,0.0,544910,a0e5bb98cf111c717982f5200956f2a9000f35277b4bf7af788b9c845c27c8c1,完整音轨；无 -ss、-t、atrim 或补齐；单声道、16 kHz、PCM16,17.026,a0e5bb98cf111c717982f5200956f2a9000f35277b4bf7af788b9c845c27c8c1,8.999999998593466e-06,通过,-t217m2on-s$_$7,2,17.026009,44100,0.15699900000000255,通过,wav_time + audio_start_s = source_media_time_s,h264,17.183008,30/1,270,C:\Users\Administrator\Desktop\23华为杯\E.1\输入\原始视频\-t217m2on-s\7.mp4,648501,0.0,480,1,17.026,True,C:\Users\Administrator\Desktop\23华为杯\E.1\输入\音频WAV\-t217m2on-s$_$7.wav,16000,2,0.0,[]
aac,源音轨 start_time,0.0,0.0,0.0,211394,a0646abf493e407826afb4b5859fc68c31a67cd50ce542fe737c172d6127782c,完整音轨；无 -ss、-t、atrim 或补齐；单声道、16 kHz、PCM16,6.603625,a0646abf493e407826afb4b5859fc68c31a67cd50ce542fe737c172d6127782c,0.0003659999999996444,通过,-tANM6ETl_M$_$3,2,6.603991,44100,0.15401700000000051,通过,wav_time + audio_start_s = source_media_time_s,h264,6.758008,30/1,720,C:\Users\Administrator\Desktop\23华为杯\E.1\输入\原始视频\-tANM6ETl_M\3.mp4,1547930,0.0,1280,1,6.603625,True,C:\Users\Administrator\Desktop\23华为杯\E.1\输入\音频WAV\-tANM6ETl_M$_$3.wav,16000,2,0.0,[]
aac,源音轨 start_time,0.0,0.0,0.0,172174,3f16d2ee122ec5a0adda4398c8f76cc3551141da108249c41200099f7f52e03c,完整音轨；无 -ss、-t、atrim 或补齐；单声道、16 kHz、PCM16,5.378,3f16d2ee122ec5a0adda4398c8f76cc3551141da108249c41200099f7f52e03c,4.999999999810711e-06,通过,-tPCytz4rww$_$11,2,5.378005,44100,0.08898700000000037,通过,wav_time + audio_start_s = source_media_time_s,h264,5.466992,30/1,270,C:\Users\Administrator\Desktop\23华为杯\E.1\输入\原始视频\-tPCytz4rww\11.mp4,361198,0.0,480,1,5.378,True,C:\Users\Administrator\Desktop\23华为杯\E.1\输入\音频WAV\-tPCytz4rww$_$11.wav,16000,2,0.0,[]
aac,源音轨 start_time,0.0,0.0,0.0,149774,7a0ca608b6910dc63f2123b404cf3ffb5e7268567cd84ae201038f0cf497fa9b,完整音轨；无 -ss、-t、atrim 或补齐；单声道、16 kHz、PCM16,4.678,7a0ca608b6910dc63f2123b404cf3ffb5e7268567cd84ae201038f0cf497fa9b,4.999999999810711e-06,通过,-tPCytz4rww$_$10,2,4.678005,44100,0.11099200000000042,通过,wav_time + audio_start_s = source_media_time_s,h264,4.788997,30/1,270,C:\Users\Administrator\Desktop\23华为杯\E.1\输入\原始视频\-tPCytz4rww\10.mp4,512248,0.0,480,1,4.678,True,C:\Users\Administrator\Desktop\23华为杯\E.1\输入\音频WAV\-tPCytz4rww$_$10.wav,16000,2,0.0,[]
aac,源音轨 start_time,0.0,0.0,0.0,375630,9bf2c1c3b4970c5495043d03abf591b1ec2731b5ec37e5380bc16986a9d7d3c8,完整音轨；无 -ss、-t、atrim 或补齐；单声道、16 kHz、PCM16,11.736,9bf2c1c3b4970c5495043d03abf591b1ec2731b5ec37e5380bc16986a9d7d3c8,8.999999998593466e-06,通过,-tPCytz4rww$_$12,2,11.736009,44100,0.1279880000000002,通过,wav_time + audio_start_s = source_media_time_s,h264,11.863997,30/1,270,C:\Users\Administrator\Desktop\23华为杯\E.1\输入\原始视频\-tPCytz4rww\12.mp4,831948,0.0,480,1,11.736,True,C:\Users\Administrator\Desktop\23华为杯\E.1\输入\音频WAV\-tPCytz4rww$_$12.wav,16000,2,0.0,[]
aac,源音轨 start_time,0.0,0.0,0.0,228526,df1915a6b5cc339e7b5964cb6d76627162904b8d2d40bd0d13eaec974fd076be,完整音轨；无 -ss、-t、atrim 或补齐；单声道、16 kHz、PCM16,7.139,df1915a6b5cc339e7b5964cb6d76627162904b8d2d40bd0d13eaec974fd076be,1.9999999993913775e-06,通过,-tPCytz4rww$_$16,2,7.139002,44100,0.06698800000000027,通过,wav_time + audio_start_s = source_media_time_s,h264,7.20599,30/1,270,C:\Users\Administrator\Desktop\23华为杯\E.1\输入\原始视频\-tPCytz4rww\16.mp4,550547,0.0,480,1,7.139,True,C:\Users\Administrator\Desktop\23华为杯\E.1\输入\音频WAV\-tPCytz4rww$_$16.wav,16000,2,0.0,[]
aac,源音轨 start_time,0.0,0.0,0.0,210280,1f7179205d74184a3ea25b95ccfad3f0e56c498699638a0804acb52668ecb66c,完整音轨；无 -ss、-t、atrim 或补齐；单声道、16 kHz、PCM16,6.5688125,1f7179205d74184a3ea25b95ccfad3f0e56c498699638a0804acb52668ecb66c,0.00018950000000028666,通过,-tPCytz4rww$_$18,2,6.569002,44100,0.07598500000000019,通过,wav_time + audio_start_s = source_media_time_s,h264,6.644987,30/1,270,C:\Users\Administrator\Desktop\23华为杯\E.1\输入\原始视频\-tPCytz4rww\18.mp4,625292,0.0,480,1,6.5688125,True,C:\Users\Administrator\Desktop\23华为杯\E.1\输入\音频WAV\-tPCytz4rww$_$18.wav,16000,2,0.0,[]
aac,源音轨 start_time,0.0,0.0,0.0,289262,c87973661cf0b32ec013521bdeb798dd4635d462317a4f239beac8c5511de85b,完整音轨；无 -ss、-t、atrim 或补齐；单声道、16 kHz、PCM16,9.037,c87973661cf0b32ec013521bdeb798dd4635d462317a4f239beac8c5511de85b,6.9999999983139105e-06,通过,-vxjVxOeScU$_$4,2,9.037007,44100,0.09001100000000051,通过,wav_time + audio_start_s = source_media_time_s,h264,9.127018,30/1,360,C:\Users\Administrator\Desktop\23华为杯\E.1\输入\原始视频\-vxjVxOeScU\4.mp4,431202,0.0,480,1,9.037,True,C:\Users\Administrator\Desktop\23华为杯\E.1\输入\音频WAV\-vxjVxOeScU$_$4.wav,16000,2,0.0,[]
aac,源音轨 start_time,0.0,0.0,0.0,191296,99f9f2a78fb8c68b517987e76a3dbc7df418e4bca5aaf6f72a22b2b99ac71426,完整音轨；无 -ss、-t、atrim 或补齐；单声道、16 kHz、PCM16,5.9755625,99f9f2a78fb8c68b517987e76a3dbc7df418e4bca5aaf6f72a22b2b99ac71426,0.00044650000000068246,通过,-wMB_hJL-3o$_$7,2,5.976009,44100,0.06800099999999976,通过,wav_time + audio_start_s = source_media_time_s,h264,6.04401,30/1,360,C:\Users\Administrator\Desktop\23华为杯\E.1\输入\原始视频\-wMB_hJL-3o\7.mp4,264692,0.0,480,1,5.9755625,True,C:\Users\Administrator\Desktop\23华为杯\E.1\输入\音频WAV\-wMB_hJL-3o$_$7.wav,16000,2,0.0,[]
aac,源音轨 start_time,0.0,0.0,0.0,216910,5649755501297302060ddad1385f70d20c857454fa5f938f08492e6de083a91a,完整音轨；无 -ss、-t、atrim 或补齐；单声道、16 kHz、PCM16,6.776,5649755501297302060ddad1385f70d20c857454fa5f938f08492e6de083a91a,9.000000000369823e-06,通过,-wny0OAz3g8$_$1,2,6.776009,44100,0.06800099999999976,通过,wav_time + audio_start_s = source_media_time_s,h264,6.84401,30/1,720,C:\Users\Administrator\Desktop\23华为杯\E.1\输入\原始视频\-wny0OAz3g8\1.mp4,1001717,0.0,1280,1,6.776,True,C:\Users\Administrator\Desktop\23华为杯\E.1\输入\音频WAV\-wny0OAz3g8$_$1.wav,16000,2,0.0,[]
aac,源音轨 start_time,0.0,0.0,0.0,104846,cc0ec005cacf87bdfbc53414e6fc4a00f8cbb50cd9eb5d92a21b1f66fe1e0c72,完整音轨；无 -ss、-t、atrim 或补齐；单声道、16 kHz、PCM16,3.274,cc0ec005cacf87bdfbc53414e6fc4a00f8cbb50cd9eb5d92a21b1f66fe1e0c72,8.999999999925734e-06,通过,-wny0OAz3g8$_$0,2,3.273991,44100,0.059342000000000006,通过,wav_time + audio_start_s = source_media_time_s,h264,3.333333,30/1,720,C:\Users\Administrator\Desktop\23华为杯\E.1\输入\原始视频\-wny0OAz3g8\0.mp4,458092,0.0,1280,1,3.274,True,C:\Users\Administrator\Desktop\23华为杯\E.1\输入\音频WAV\-wny0OAz3g8$_$0.wav,16000,2,0.0,[]
aac,源音轨 start_time,0.0,0.0,0.0,195274,85526fc6db72f356ae5666c5050eb346c8f6221b9bc88a4e921e73b9d97c6595,完整音轨；无 -ss、-t、atrim 或补齐；单声道、16 kHz、PCM16,6.099875,85526fc6db72f356ae5666c5050eb346c8f6221b9bc88a4e921e73b9d97c6595,0.00012499999999970868,通过,-wny0OAz3g8$_$3,2,6.1,44100,0.046029000000000764,通过,wav_time + audio_start_s = source_media_time_s,h264,6.146029,30/1,720,C:\Users\Administrator\Desktop\23华为杯\E.1\输入\原始视频\-wny0OAz3g8\3.mp4,1314050,0.0,1280,1,6.099875,True,C:\Users\Administrator\Desktop\23华为杯\E.1\输入\音频WAV\-wny0OAz3g8$_$3.wav,16000,2,0.0,[]
aac,源音轨 start_time,0.0,0.0,0.0,208804,c7e49c42cbaa68d781258553070a9acd72e9227b142f9eef4a31ddbbda330d40,完整音轨；无 -ss、-t、atrim 或补齐；单声道、16 kHz、PCM16,6.5226875,c7e49c42cbaa68d781258553070a9acd72e9227b142f9eef4a31ddbbda330d40,0.0003054999999996255,通过,-wny0OAz3g8$_$2,2,6.522993,44100,0.1639860000000004,通过,wav_time + audio_start_s = source_media_time_s,h264,6.686979,30/1,720,C:\Users\Administrator\Desktop\23华为杯\E.1\输入\原始视频\-wny0OAz3g8\2.mp4,1365442,0.0,1280,1,6.5226875,True,C:\Users\Administrator\Desktop\23华为杯\E.1\输入\音频WAV\-wny0OAz3g8$_$2.wav,16000,2,0.0,[]
aac,源音轨 start_time,0.0,0.0,0.0,215790,10ba831bb236a6f0de5299f5180a27327ffd59fdf59f0e5811614a3a2f72a827,完整音轨；无 -ss、-t、atrim 或补齐；单声道、16 kHz、PCM16,6.741,10ba831bb236a6f0de5299f5180a27327ffd59fdf59f0e5811614a3a2f72a827,1.9999999993913775e-06,通过,-wny0OAz3g8$_$5,2,6.740998,44100,0.17098099999999938,通过,wav_time + audio_start_s = source_media_time_s,h264,6.911979,30/1,720,C:\Users\Administrator\Desktop\23华为杯\E.1\输入\原始视频\-wny0OAz3g8\5.mp4,1349104,0.0,1280,1,6.741,True,C:\Users\Administrator\Desktop\23华为杯\E.1\输入\音频WAV\-wny0OAz3g8$_$5.wav,16000,2,0.0,[]
aac,源音轨 start_time,0.0,0.0,0.0,253214,a513ab9b8a672e1a5112ce11bcf6e5e170bc726e95d84ada6cf09fd710637789,完整音轨；无 -ss、-t、atrim 或补齐；单声道、16 kHz、PCM16,7.9105,a513ab9b8a672e1a5112ce11bcf6e5e170bc726e95d84ada6cf09fd710637789,0.0004980000000003315,通过,-wny0OAz3g8$_$7,2,7.910998,44100,0.15697099999999953,通过,wav_time + audio_start_s = source_media_time_s,h264,8.067969,30/1,720,C:\Users\Administrator\Desktop\23华为杯\E.1\输入\原始视频\-wny0OAz3g8\7.mp4,1016813,0.0,1280,1,7.9105,True,C:\Users\Administrator\Desktop\23华为杯\E.1\输入\音频WAV\-wny0OAz3g8$_$7.wav,16000,2,0.0,[]
aac,源音轨 start_time,0.0,0.0,0.0,193454,18ead907bb13210ac91bf2215a061a5dc9ff103c4ae21e697c2655293205f29c,完整音轨；无 -ss、-t、atrim 或补齐；单声道、16 kHz、PCM16,6.043,18ead907bb13210ac91bf2215a061a5dc9ff103c4ae21e697c2655293205f29c,7.000000000090267e-06,通过,-wny0OAz3g8$_$9,2,6.042993,44100,0.1700280000000003,通过,wav_time + audio_start_s = source_media_time_s,h264,6.213021,30/1,720,C:\Users\Administrator\Desktop\23华为杯\E.1\输入\原始视频\-wny0OAz3g8\9.mp4,1322886,0.0,1280,1,6.043,True,C:\Users\Administrator\Desktop\23华为杯\E.1\输入\音频WAV\-wny0OAz3g8$_$9.wav,16000,2,0.0,[]
aac,源音轨 start_time,0.0,0.0,0.0,159822,2cadb941274541329a61cf0109628cc08083fcb60999713d8737589b068888cd,完整音轨；无 -ss、-t、atrim 或补齐；单声道、16 kHz、PCM16,4.992,2cadb941274541329a61cf0109628cc08083fcb60999713d8737589b068888cd,4.999999999810711e-06,通过,-571d8cVauQ$_$0,2,4.991995,44100,0.07467199999999963,通过,wav_time + audio_start_s = source_media_time_s,h264,5.066667,30/1,360,C:\Users\Administrator\Desktop\23华为杯\E.1\输入\原始视频\-571d8cVauQ\0.mp4,259577,0.0,486,1,4.992,True,C:\Users\Administrator\Desktop\23华为杯\E.1\输入\音频WAV\-571d8cVauQ$_$0.wav,16000,2,0.0,[]
aac,源音轨 start_time,0.0,0.0,0.0,483758,4355aa80113c7e5e109203e7f074fdb9d510bedf3ba59301578cebf2b844116a,完整音轨；无 -ss、-t、atrim 或补齐；单声道、16 kHz、PCM16,15.115,4355aa80113c7e5e109203e7f074fdb9d510bedf3ba59301578cebf2b844116a,1.100000000064938e-05,通过,-571d8cVauQ$_$5,2,15.115011,44100,0.15797099999999986,通过,wav_time + audio_start_s = source_media_time_s,h264,15.272982,30/1,360,C:\Users\Administrator\Desktop\23华为杯\E.1\输入\原始视频\-571d8cVauQ\5.mp4,813771,0.0,486,1,15.115,True,C:\Users\Administrator\Desktop\23华为杯\E.1\输入\音频WAV\-571d8cVauQ$_$5.wav,16000,2,0.0,[]
aac,源音轨 start_time,0.0,0.0,0.0,238286,f6c607d4059931b94380bf06731e7ebcf11e7558c99082ced9b535de2a1ca508,完整音轨；无 -ss、-t、atrim 或补齐；单声道、16 kHz、PCM16,7.444,f6c607d4059931b94380bf06731e7ebcf11e7558c99082ced9b535de2a1ca508,9.000000000369823e-06,通过,-I_e4mIh0yE$_$1,2,7.443991,44100,0.17801400000000012,通过,wav_time + audio_start_s = source_media_time_s,h264,7.622005,30/1,360,C:\Users\Administrator\Desktop\23华为杯\E.1\输入\原始视频\-I_e4mIh0yE\1.mp4,487464,0.0,640,1,7.444,True,C:\Users\Administrator\Desktop\23华为杯\E.1\输入\音频WAV\-I_e4mIh0yE$_$1.wav,16000,2,0.0,[]
aac,源音轨 start_time,0.0,0.0,0.0,287898,f281a5aa86a98ab1b0060caadcb56fdd2d5f48b6773e819ceaf7efadbbfd6228,完整音轨；无 -ss、-t、atrim 或补齐；单声道、16 kHz、PCM16,8.994375,f281a5aa86a98ab1b0060caadcb56fdd2d5f48b6773e819ceaf7efadbbfd6228,0.0006360000000000809,通过,-I_e4mIh0yE$_$3,2,8.995011,44100,0.16801000000000066,通过,wav_time + audio_start_s = source_media_time_s,h264,9.163021,30/1,360,C:\Users\Administrator\Desktop\23华为杯\E.1\输入\原始视频\-I_e4mIh0yE\3.mp4,425914,0.0,640,1,8.994375,True,C:\Users\Administrator\Desktop\23华为杯\E.1\输入\音频WAV\-I_e4mIh0yE$_$3.wav,16000,2,0.0,[]
aac,源音轨 start_time,0.0,0.0,0.0,231822,f4c54c414d2659c62492db8071d6293acf31d23809f76900313aebf5a77c2a84,完整音轨；无 -ss、-t、atrim 或补齐；单声道、16 kHz、PCM16,7.242,f4c54c414d2659c62492db8071d6293acf31d23809f76900313aebf5a77c2a84,4.999999999810711e-06,通过,-UacrmKiTn4$_$10,2,7.241995,44100,0.11998399999999965,通过,wav_time + audio_start_s = source_media_time_s,h264,7.361979,30/1,360,C:\Users\Administrator\Desktop\23华为杯\E.1\输入\原始视频\-UacrmKiTn4\10.mp4,486491,0.0,470,1,7.242,True,C:\Users\Administrator\Desktop\23华为杯\E.1\输入\音频WAV\-UacrmKiTn4$_$10.wav,16000,2,0.0,[]
aac,源音轨 start_time,0.0,0.0,0.0,149870,75552f5245cea4fb90ff33cc32e211f44711857bd370ccdd175a4e50e4918ac2,完整音轨；无 -ss、-t、atrim 或补齐；单声道、16 kHz、PCM16,4.681,75552f5245cea4fb90ff33cc32e211f44711857bd370ccdd175a4e50e4918ac2,2.000000000279556e-06,通过,-UacrmKiTn4$_$4,2,4.680998,44100,0.06001800000000035,通过,wav_time + audio_start_s = source_media_time_s,h264,4.741016,30/1,360,C:\Users\Administrator\Desktop\23华为杯\E.1\输入\原始视频\-UacrmKiTn4\4.mp4,249701,0.0,470,1,4.681,True,C:\Users\Administrator\Desktop\23华为杯\E.1\输入\音频WAV\-UacrmKiTn4$_$4.wav,16000,2,0.0,[]
aac,源音轨 start_time,0.0,0.0,0.0,233934,09774223154c6b23cef6298e22a9f0094a23e4a74fd51e68d561757718c18f31,完整音轨；无 -ss、-t、atrim 或补齐；单声道、16 kHz、PCM16,7.308,09774223154c6b23cef6298e22a9f0094a23e4a74fd51e68d561757718c18f31,4.999999999810711e-06,通过,-hnBHBN8p5A$_$7,2,7.308005,44100,0.06399500000000025,通过,wav_time + audio_start_s = source_media_time_s,h264,7.372,24000/1001,720,C:\Users\Administrator\Desktop\23华为杯\E.1\输入\原始视频\-hnBHBN8p5A\7.mp4,1409433,0.0,1280,1,7.308,True,C:\Users\Administrator\Desktop\23华为杯\E.1\输入\音频WAV\-hnBHBN8p5A$_$7.wav,16000,2,0.0,[]
aac,源音轨 start_time,0.0,0.0,0.0,202728,2a64625eee67612f832a74408725febaa1784abf88919a3c61ad7f8268d3934d,完整音轨；无 -ss、-t、atrim 或补齐；单声道、16 kHz、PCM16,6.3328125,2a64625eee67612f832a74408725febaa1784abf88919a3c61ad7f8268d3934d,0.00018049999999991684,通过,-hnBHBN8p5A$_$6,2,6.332993,44100,0.0680069999999997,通过,wav_time + audio_start_s = source_media_time_s,h264,6.401,24660000/1028527,720,C:\Users\Administrator\Desktop\23华为杯\E.1\输入\原始视频\-hnBHBN8p5A\6.mp4,1661111,0.0,1280,1,6.3328125,True,C:\Users\Administrator\Desktop\23华为杯\E.1\输入\音频WAV\-hnBHBN8p5A$_$6.wav,16000,2,0.0,[]
aac,源音轨 start_time,0.0,0.0,0.0,147726,8b5326a69a0ddf5f4d82c5572e942e1792e1fc0d09909e0a2590d55e01106b51,完整音轨；无 -ss、-t、atrim 或补齐；单声道、16 kHz、PCM16,4.614,8b5326a69a0ddf5f4d82c5572e942e1792e1fc0d09909e0a2590d55e01106b51,8.999999999481645e-06,通过,-qDkUB0GgYY$_$6,1,4.613991,44100,0.06400399999999973,通过,wav_time + audio_start_s = source_media_time_s,h264,4.677995,30/1,360,C:\Users\Administrator\Desktop\23华为杯\E.1\输入\原始视频\-qDkUB0GgYY\6.mp4,404331,0.0,360,1,4.614,True,C:\Users\Administrator\Desktop\23华为杯\E.1\输入\音频WAV\-qDkUB0GgYY$_$6.wav,16000,2,0.0,[]
aac,源音轨 start_time,0.0,0.0,0.0,188274,ae1a918ca9f6be7d06d056a06aefed21c8e27c93cc27fcaef50b7e24b73723e5,完整音轨；无 -ss、-t、atrim 或补齐；单声道、16 kHz、PCM16,5.881125,ae1a918ca9f6be7d06d056a06aefed21c8e27c93cc27fcaef50b7e24b73723e5,0.0008699999999999264,通过,-uywlfIYOS8$_$4,2,5.881995,44100,0.16299200000000003,通过,wav_time + audio_start_s = source_media_time_s,h264,6.044987,30/1,270,C:\Users\Administrator\Desktop\23华为杯\E.1\输入\原始视频\-uywlfIYOS8\4.mp4,557194,0.0,480,1,5.881125,True,C:\Users\Administrator\Desktop\23华为杯\E.1\输入\音频WAV\-uywlfIYOS8$_$4.wav,16000,2,0.0,[]
aac,源音轨 start_time,0.0,0.0,0.0,407694,987b8f3e3873d57652ed82e620f20cd75943804b3a34ae54df39c24ecbcaf9c2,完整音轨；无 -ss、-t、atrim 或补齐；单声道、16 kHz、PCM16,12.738,987b8f3e3873d57652ed82e620f20cd75943804b3a34ae54df39c24ecbcaf9c2,4.999999999810711e-06,通过,-6rXp3zJ3kc$_$8,2,12.738005,44100,0.06700800000000129,通过,wav_time + audio_start_s = source_media_time_s,h264,12.805013,30/1,270,C:\Users\Administrator\Desktop\23华为杯\E.1\输入\原始视频\-6rXp3zJ3kc\8.mp4,567350,0.0,480,1,12.738,True,C:\Users\Administrator\Desktop\23华为杯\E.1\输入\音频WAV\-6rXp3zJ3kc$_$8.wav,16000,2,0.0,[]
aac,源音轨 start_time,0.0,0.0,0.0,216302,d831ff512fb3fce5168cb21694cc5343139953bc50ee6ab1b8b76cdeeeba4057,完整音轨；无 -ss、-t、atrim 或补齐；单声道、16 kHz、PCM16,6.757,d831ff512fb3fce5168cb21694cc5343139953bc50ee6ab1b8b76cdeeeba4057,7.000000000090267e-06,通过,-9y-fZ3swSY$_$0,2,6.757007,44100,0.0763259999999999,通过,wav_time + audio_start_s = source_media_time_s,h264,6.833333,30/1,720,C:\Users\Administrator\Desktop\23华为杯\E.1\输入\原始视频\-9y-fZ3swSY\0.mp4,965453,0.0,1280,1,6.757,True,C:\Users\Administrator\Desktop\23华为杯\E.1\输入\音频WAV\-9y-fZ3swSY$_$0.wav,16000,2,0.0,[]
aac,源音轨 start_time,0.0,0.0,0.0,85352,57a0083478f4c539d2c5384018b4bfbbd8b5379519ecc9d11cb82d633e3a5e13,完整音轨；无 -ss、-t、atrim 或补齐；单声道、16 kHz、PCM16,2.6648125,57a0083478f4c539d2c5384018b4bfbbd8b5379519ecc9d11cb82d633e3a5e13,0.0001984999999997683,通过,-9y-fZ3swSY$_$4,2,2.665011,44100,0.156018,通过,wav_time + audio_start_s = source_media_time_s,h264,2.821029,30/1,720,C:\Users\Administrator\Desktop\23华为杯\E.1\输入\原始视频\-9y-fZ3swSY\4.mp4,1486121,0.0,1280,1,2.6648125,True,C:\Users\Administrator\Desktop\23华为杯\E.1\输入\音频WAV\-9y-fZ3swSY$_$4.wav,16000,2,0.0,[]
aac,源音轨 start_time,0.0,0.0,0.0,157422,f94fdcc2a7adeed9952aebcd4c0341b6e73dc7f7f7c567fe22be1c7aba8b89ea,完整音轨；无 -ss、-t、atrim 或补齐；单声道、16 kHz、PCM16,4.917,f94fdcc2a7adeed9952aebcd4c0341b6e73dc7f7f7c567fe22be1c7aba8b89ea,7.000000000090267e-06,通过,-9y-fZ3swSY$_$8,2,4.917007,44100,0.07199000000000044,通过,wav_time + audio_start_s = source_media_time_s,h264,4.988997,30/1,720,C:\Users\Administrator\Desktop\23华为杯\E.1\输入\原始视频\-9y-fZ3swSY\8.mp4,1715052,0.0,1280,1,4.917,True,C:\Users\Administrator\Desktop\23华为杯\E.1\输入\音频WAV\-9y-fZ3swSY$_$8.wav,16000,2,0.0,[]
aac,源音轨 start_time,0.0,0.0,0.0,717024,136dfa29a4a65e02999adedf5112f782c08ab22e83d172df42b40f7311b3ee81,完整音轨；无 -ss、-t、atrim 或补齐；单声道、16 kHz、PCM16,22.4045625,136dfa29a4a65e02999adedf5112f782c08ab22e83d172df42b40f7311b3ee81,0.0004484999999974093,通过,-AUZQgSxyPQ$_$2,2,22.405011,44100,0.10599200000000053,通过,wav_time + audio_start_s = source_media_time_s,h264,22.511003,30/1,720,C:\Users\Administrator\Desktop\23华为杯\E.1\输入\原始视频\-AUZQgSxyPQ\2.mp4,4550251,0.0,1280,1,22.4045625,True,C:\Users\Administrator\Desktop\23华为杯\E.1\输入\音频WAV\-AUZQgSxyPQ$_$2.wav,16000,2,0.0,[]
aac,源音轨 start_time,0.0,0.0,0.0,260906,0e48944d6804c4b7262af78303db62c738ff621a46c6d8a027c60b23e3516004,完整音轨；无 -ss、-t、atrim 或补齐；单声道、16 kHz、PCM16,8.150875,0e48944d6804c4b7262af78303db62c738ff621a46c6d8a027c60b23e3516004,0.0001230000000003173,通过,-HeZS2-Prhc$_$2,1,8.150998,44100,0.11098100000000066,通过,wav_time + audio_start_s = source_media_time_s,h264,8.261979,30/1,360,C:\Users\Administrator\Desktop\23华为杯\E.1\输入\原始视频\-HeZS2-Prhc\2.mp4,896960,0.0,360,1,8.150875,True,C:\Users\Administrator\Desktop\23华为杯\E.1\输入\音频WAV\-HeZS2-Prhc$_$2.wav,16000,2,0.0,[]
aac,源音轨 start_time,0.0,0.0,0.0,295054,79913270f8dbd1559b1bb5f0d1fe87fd28375a26f769528253fa340669685a7f,完整音轨；无 -ss、-t、atrim 或补齐；单声道、16 kHz、PCM16,9.218,79913270f8dbd1559b1bb5f0d1fe87fd28375a26f769528253fa340669685a7f,4.999999999810711e-06,通过,-MeTTeMJBNc$_$0,2,9.218005,44100,0.08199500000000093,通过,wav_time + audio_start_s = source_media_time_s,h264,9.3,30/1,360,C:\Users\Administrator\Desktop\23华为杯\E.1\输入\原始视频\-MeTTeMJBNc\0.mp4,350827,0.0,470,1,9.218,True,C:\Users\Administrator\Desktop\23华为杯\E.1\输入\音频WAV\-MeTTeMJBNc$_$0.wav,16000,2,0.0,[]
aac,源音轨 start_time,0.0,0.0,0.0,168238,1f08ff6794417a756f33381a98a321eff0783a925183b6fdc74f0611edc155c1,完整音轨；无 -ss、-t、atrim 或补齐；单声道、16 kHz、PCM16,5.255,1f08ff6794417a756f33381a98a321eff0783a925183b6fdc74f0611edc155c1,1.09999999997612e-05,通过,-MeTTeMJBNc$_$13,2,5.255011,44100,0.1750020000000001,通过,wav_time + audio_start_s = source_media_time_s,h264,5.430013,30/1,360,C:\Users\Administrator\Desktop\23华为杯\E.1\输入\原始视频\-MeTTeMJBNc\13.mp4,271826,0.0,470,1,5.255,True,C:\Users\Administrator\Desktop\23华为杯\E.1\输入\音频WAV\-MeTTeMJBNc$_$13.wav,16000,2,0.0,[]
aac,源音轨 start_time,0.0,0.0,0.0,333240,d371d193e866ce60fc4626d9ffd5e02d323573ae4f3a82758d6f7c15a003b56c,完整音轨；无 -ss、-t、atrim 或补齐；单声道、16 kHz、PCM16,10.4113125,d371d193e866ce60fc4626d9ffd5e02d323573ae4f3a82758d6f7c15a003b56c,0.0006824999999999193,通过,-MeTTeMJBNc$_$7,2,10.411995,44100,0.1049970000000009,通过,wav_time + audio_start_s = source_media_time_s,h264,10.516992,30/1,360,C:\Users\Administrator\Desktop\23华为杯\E.1\输入\原始视频\-MeTTeMJBNc\7.mp4,632477,0.0,470,1,10.4113125,True,C:\Users\Administrator\Desktop\23华为杯\E.1\输入\音频WAV\-MeTTeMJBNc$_$7.wav,16000,2,0.0,[]
aac,源音轨 start_time,0.0,0.0,0.0,162446,af781be888d63474b04b78f2805c990ae27ae3ddf5c9c772c9477f38d9e4e444,完整音轨；无 -ss、-t、atrim 或补齐；单声道、16 kHz、PCM16,5.074,af781be888d63474b04b78f2805c990ae27ae3ddf5c9c772c9477f38d9e4e444,8.999999999481645e-06,通过,-RfYyzHpjk4$_$11,2,5.073991,44100,0.16500599999999999,通过,wav_time + audio_start_s = source_media_time_s,h264,5.238997,30/1,720,C:\Users\Administrator\Desktop\23华为杯\E.1\输入\原始视频\-RfYyzHpjk4\11.mp4,2061678,0.0,1280,1,5.074,True,C:\Users\Administrator\Desktop\23华为杯\E.1\输入\音频WAV\-RfYyzHpjk4$_$11.wav,16000,2,0.0,[]
aac,源音轨 start_time,0.0,0.0,0.0,145102,f11bd12607815272f48e8286782edb40cfada0eefdaa8546919ecdda3b40c1db,完整音轨；无 -ss、-t、atrim 或补齐；单声道、16 kHz、PCM16,4.532,f11bd12607815272f48e8286782edb40cfada0eefdaa8546919ecdda3b40c1db,4.999999999810711e-06,通过,-RfYyzHpjk4$_$8,2,4.531995,44100,0.057001999999999775,通过,wav_time + audio_start_s = source_media_time_s,h264,4.588997,30/1,720,C:\Users\Administrator\Desktop\23华为杯\E.1\输入\原始视频\-RfYyzHpjk4\8.mp4,2256195,0.0,1280,1,4.532,True,C:\Users\Administrator\Desktop\23华为杯\E.1\输入\音频WAV\-RfYyzHpjk4$_$8.wav,16000,2,0.0,[]
aac,源音轨 start_time,0.0,0.0,0.0,172616,381fc04451d07a07a10edeb41089cbf93b72f21193aa7209f2eeed777fb5d73c,完整音轨；无 -ss、-t、atrim 或补齐；单声道、16 kHz、PCM16,5.3918125,381fc04451d07a07a10edeb41089cbf93b72f21193aa7209f2eeed777fb5d73c,0.00018249999999930822,通过,-RfYyzHpjk4$_$2,2,5.391995,44100,0.12402099999999994,通过,wav_time + audio_start_s = source_media_time_s,h264,5.516016,30/1,720,C:\Users\Administrator\Desktop\23华为杯\E.1\输入\原始视频\-RfYyzHpjk4\2.mp4,1138330,0.0,1280,1,5.3918125,True,C:\Users\Administrator\Desktop\23华为杯\E.1\输入\音频WAV\-RfYyzHpjk4$_$2.wav,16000,2,0.0,[]
aac,源音轨 start_time,0.0,0.0,0.0,247502,d3c754430c8767a9a655a9240f18caf128a1edbf71602aef50d82ab8091d7803,完整音轨；无 -ss、-t、atrim 或补齐；单声道、16 kHz、PCM16,7.732,d3c754430c8767a9a655a9240f18caf128a1edbf71602aef50d82ab8091d7803,4.999999999810711e-06,通过,-UUCSKoHeMA$_$0,2,7.731995,44100,0.06800499999999943,通过,wav_time + audio_start_s = source_media_time_s,h264,7.8,30/1,360,C:\Users\Administrator\Desktop\23华为杯\E.1\输入\原始视频\-UUCSKoHeMA\0.mp4,286208,0.0,470,1,7.732,True,C:\Users\Administrator\Desktop\23华为杯\E.1\输入\音频WAV\-UUCSKoHeMA$_$0.wav,16000,2,0.0,[]
aac,源音轨 start_time,0.0,0.0,0.0,88494,0654568b731bc2b8273670b7b248a54fbe00e3b8f2e541360d524164777e9810,完整音轨；无 -ss、-t、atrim 或补齐；单声道、16 kHz、PCM16,2.763,0654568b731bc2b8273670b7b248a54fbe00e3b8f2e541360d524164777e9810,7.000000000090267e-06,通过,-ri04Z7vwnc$_$0,2,2.762993,44100,0.04400700000000013,通过,wav_time + audio_start_s = source_media_time_s,h264,2.807,3555000/148273,720,C:\Users\Administrator\Desktop\23华为杯\E.1\输入\原始视频\-ri04Z7vwnc\0.mp4,188321,0.0,1280,1,2.763,True,C:\Users\Administrator\Desktop\23华为杯\E.1\输入\音频WAV\-ri04Z7vwnc$_$0.wav,16000,2,0.0,[]
aac,源音轨 start_time,0.0,0.0,0.0,189306,e47159bb0f698a7af81c6988c311ee0344ca517e336e58277b6d47a4efec456b,完整音轨；无 -ss、-t、atrim 或补齐；单声道、16 kHz、PCM16,5.913375,e47159bb0f698a7af81c6988c311ee0344ca517e336e58277b6d47a4efec456b,0.0006159999999999499,通过,-ri04Z7vwnc$_$2,2,5.913991,44100,0.11300899999999992,通过,wav_time + audio_start_s = source_media_time_s,h264,6.027,7470000/311561,720,C:\Users\Administrator\Desktop\23华为杯\E.1\输入\原始视频\-ri04Z7vwnc\2.mp4,460082,0.0,1280,1,5.913375,True,C:\Users\Administrator\Desktop\23华为杯\E.1\输入\音频WAV\-ri04Z7vwnc$_$2.wav,16000,2,0.0,[]
aac,源音轨 start_time,0.0,0.0,0.0,110150,c14da203ad340c9e5794309064614abf460848a2df58ff1678146e591c63d713,完整音轨；无 -ss、-t、atrim 或补齐；单声道、16 kHz、PCM16,3.43975,c14da203ad340c9e5794309064614abf460848a2df58ff1678146e591c63d713,0.00024999999999986144,通过,-ri04Z7vwnc$_$5,2,3.44,44100,0.10499999999999998,通过,wav_time + audio_start_s = source_media_time_s,h264,3.545,1597500/66629,720,C:\Users\Administrator\Desktop\23华为杯\E.1\输入\原始视频\-ri04Z7vwnc\5.mp4,550439,0.0,1280,1,3.43975,True,C:\Users\Administrator\Desktop\23华为杯\E.1\输入\音频WAV\-ri04Z7vwnc$_$5.wav,16000,2,0.0,[]
aac,源音轨 start_time,0.0,0.0,0.0,148680,1a7f1853c3172e4638f8d23ed59053ae3bf3e07de445f29192bfa8dd71bad4cc,完整音轨；无 -ss、-t、atrim 或补齐；单声道、16 kHz、PCM16,4.6438125,1a7f1853c3172e4638f8d23ed59053ae3bf3e07de445f29192bfa8dd71bad4cc,0.00017849999999963728,通过,-s9qJ7ATP7w$_$1,2,4.643991,44100,0.14800099999999983,通过,wav_time + audio_start_s = source_media_time_s,h264,4.791992,30/1,720,C:\Users\Administrator\Desktop\23华为杯\E.1\输入\原始视频\-s9qJ7ATP7w\1.mp4,1431603,0.0,1280,1,4.6438125,True,C:\Users\Administrator\Desktop\23华为杯\E.1\输入\音频WAV\-s9qJ7ATP7w$_$1.wav,16000,2,0.0,[]
aac,源音轨 start_time,0.0,0.0,0.0,214798,92a97ab764f302d2862b086f85d894a17079da657e5bae2d1988a4889601232a,完整音轨；无 -ss、-t、atrim 或补齐；单声道、16 kHz、PCM16,6.71,92a97ab764f302d2862b086f85d894a17079da657e5bae2d1988a4889601232a,0.0,通过,-s9qJ7ATP7w$_$0,2,6.71,44100,0.08999999999999986,通过,wav_time + audio_start_s = source_media_time_s,h264,6.8,30/1,720,C:\Users\Administrator\Desktop\23华为杯\E.1\输入\原始视频\-s9qJ7ATP7w\0.mp4,890272,0.0,1280,1,6.71,True,C:\Users\Administrator\Desktop\23华为杯\E.1\输入\音频WAV\-s9qJ7ATP7w$_$0.wav,16000,2,0.0,[]
aac,源音轨 start_time,0.0,0.0,0.0,268810,0c16f0b304cdbffc266dda5d0f361317f94fe9203e36fe2bf57854c87ad9cec4,完整音轨；无 -ss、-t、atrim 或补齐；单声道、16 kHz、PCM16,8.397875,0c16f0b304cdbffc266dda5d0f361317f94fe9203e36fe2bf57854c87ad9cec4,0.0001299999999986312,通过,-s9qJ7ATP7w$_$5,2,8.398005,44100,0.16299799999999998,通过,wav_time + audio_start_s = source_media_time_s,h264,8.561003,30/1,720,C:\Users\Administrator\Desktop\23华为杯\E.1\输入\原始视频\-s9qJ7ATP7w\5.mp4,1432255,0.0,1280,1,8.397875,True,C:\Users\Administrator\Desktop\23华为杯\E.1\输入\音频WAV\-s9qJ7ATP7w$_$5.wav,16000,2,0.0,[]
aac,源音轨 start_time,0.0,0.0,0.0,135978,88f3d07aaa010f6f9948ebd4ed0d9bf193a0d5cf50de80fcbf8cbaf0a0541a82,完整音轨；无 -ss、-t、atrim 或补齐；单声道、16 kHz、PCM16,4.246875,88f3d07aaa010f6f9948ebd4ed0d9bf193a0d5cf50de80fcbf8cbaf0a0541a82,0.00013199999999979894,通过,-s9qJ7ATP7w$_$4,2,4.247007,44100,0.18001100000000037,通过,wav_time + audio_start_s = source_media_time_s,h264,4.427018,30/1,720,C:\Users\Administrator\Desktop\23华为杯\E.1\输入\原始视频\-s9qJ7ATP7w\4.mp4,639360,0.0,1280,1,4.246875,True,C:\Users\Administrator\Desktop\23华为杯\E.1\输入\音频WAV\-s9qJ7ATP7w$_$4.wav,16000,2,0.0,[]
aac,源音轨 start_time,0.0,0.0,0.0,218912,333b3895238e81dd133f21f1fdc03be0d4e7cee9f68c838b01d7304a805b9d54,完整音轨；无 -ss、-t、atrim 或补齐；单声道、16 kHz、PCM16,6.8385625,333b3895238e81dd133f21f1fdc03be0d4e7cee9f68c838b01d7304a805b9d54,0.000439499999999704,通过,-s9qJ7ATP7w$_$7,2,6.839002,44100,0.12701399999999996,通过,wav_time + audio_start_s = source_media_time_s,h264,6.966016,30/1,720,C:\Users\Administrator\Desktop\23华为杯\E.1\输入\原始视频\-s9qJ7ATP7w\7.mp4,1601944,0.0,1280,1,6.8385625,True,C:\Users\Administrator\Desktop\23华为杯\E.1\输入\音频WAV\-s9qJ7ATP7w$_$7.wav,16000,2,0.0,[]
aac,源音轨 start_time,0.0,0.0,0.0,74152,646442a33fe76e8a0752953d473e7b56dcdf772c1f996636c364098ab1a5f87a,完整音轨；无 -ss、-t、atrim 或补齐；单声道、16 kHz、PCM16,2.3148125,646442a33fe76e8a0752953d473e7b56dcdf772c1f996636c364098ab1a5f87a,0.0001985000000002124,通过,-s9qJ7ATP7w$_$6,2,2.315011,44100,0.15998899999999994,通过,wav_time + audio_start_s = source_media_time_s,h264,2.475,30/1,720,C:\Users\Administrator\Desktop\23华为杯\E.1\输入\原始视频\-s9qJ7ATP7w\6.mp4,839808,0.0,1280,1,2.3148125,True,C:\Users\Administrator\Desktop\23华为杯\E.1\输入\音频WAV\-s9qJ7ATP7w$_$6.wav,16000,2,0.0,[]
aac,源音轨 start_time,0.0,0.0,0.0,101966,aeb9d3f1c1d66b8c987e12e556200248e4f24c59b66da3c1600601e5a1e3a909,完整音轨；无 -ss、-t、atrim 或补齐；单声道、16 kHz、PCM16,3.184,aeb9d3f1c1d66b8c987e12e556200248e4f24c59b66da3c1600601e5a1e3a909,9.000000000369823e-06,通过,-s9qJ7ATP7w$_$8,2,3.183991,44100,0.1109960000000001,通过,wav_time + audio_start_s = source_media_time_s,h264,3.294987,30/1,720,C:\Users\Administrator\Desktop\23华为杯\E.1\输入\原始视频\-s9qJ7ATP7w\8.mp4,781494,0.0,1280,1,3.184,True,C:\Users\Administrator\Desktop\23华为杯\E.1\输入\音频WAV\-s9qJ7ATP7w$_$8.wav,16000,2,0.0,[]
aac,源音轨 start_time,0.0,0.0,0.0,931566,ca033b6f7bfd6dd500bfcb04d7a27382c5cde7f06f3e90f60a85bc8a20092fa0,完整音轨；无 -ss、-t、atrim 或补齐；单声道、16 kHz、PCM16,29.109,ca033b6f7bfd6dd500bfcb04d7a27382c5cde7f06f3e90f60a85bc8a20092fa0,1.999999998503199e-06,通过,-yRb-Jum7EQ$_$1,2,29.109002,44100,0.17901900000000026,通过,wav_time + audio_start_s = source_media_time_s,h264,29.288021,30/1,720,C:\Users\Administrator\Desktop\23华为杯\E.1\输入\原始视频\-yRb-Jum7EQ\1.mp4,5017520,0.0,1280,1,29.109,True,C:\Users\Administrator\Desktop\23华为杯\E.1\输入\音频WAV\-yRb-Jum7EQ$_$1.wav,16000,2,0.0,[]
aac,源音轨 start_time,0.0,0.0,0.0,417486,ffd9aedc17df606d70be56f6c75ab7b3cf32fe8681d9f57727dfc5f71f217b52,完整音轨；无 -ss、-t、atrim 或补齐；单声道、16 kHz、PCM16,13.044,ffd9aedc17df606d70be56f6c75ab7b3cf32fe8681d9f57727dfc5f71f217b52,9.000000000369823e-06,通过,-yRb-Jum7EQ$_$5,2,13.043991,44100,0.125019,通过,wav_time + audio_start_s = source_media_time_s,h264,13.16901,30/1,720,C:\Users\Administrator\Desktop\23华为杯\E.1\输入\原始视频\-yRb-Jum7EQ\5.mp4,1599984,0.0,1280,1,13.044,True,C:\Users\Administrator\Desktop\23华为杯\E.1\输入\音频WAV\-yRb-Jum7EQ$_$5.wav,16000,2,0.0,[]
aac,源音轨 start_time,0.0,0.0,0.0,359822,da622a1156af5773ea801705a664b0b3aa35f942e39bb7b2299b81e5c069d925,完整音轨；无 -ss、-t、atrim 或补齐；单声道、16 kHz、PCM16,11.242,da622a1156af5773ea801705a664b0b3aa35f942e39bb7b2299b81e5c069d925,5.000000001587068e-06,通过,-yRb-Jum7EQ$_$6,2,11.241995,44100,-0.016017999999998978,通过,wav_time + audio_start_s = source_media_time_s,h264,11.225977,30/1,720,C:\Users\Administrator\Desktop\23华为杯\E.1\输入\原始视频\-yRb-Jum7EQ\6.mp4,1779127,0.0,1280,1,11.242,True,C:\Users\Administrator\Desktop\23华为杯\E.1\输入\音频WAV\-yRb-Jum7EQ$_$6.wav,16000,2,0.0,[]
